Model,MSE,RMSE,R^2
SVR,0.02960864771937412,0.1720716354294749,0.9202110630352442
Decision Tree,0.08784411178032958,0.29638507347761217,0.7632790134829627
Random Forest,0.04775222899072179,0.2185228340259246,0.8713180140822784
MLP,0.034417390945037214,0.185519246831797,0.9072525343733268
XGBoost,0.037994744739009476,0.19492240697007995,0.8976123353654838
kNN,0.05664348667107722,0.23799892157545005,0.8473579870888445
